[
  {
    "tag": "IPv4_out",
    "protocol": "freedom",
    "settings": {
      "domainStrategy": "UseIPv4v6"
    }
  },
  {
    "tag": "IPv6_out",
    "protocol": "freedom",
    "settings": {
      "domainStrategy": "UseIPv6"
    }
  },
  {
    "protocol": "wireguard",
    "tag": "warp",
    "settings": {
        "secretKey": "2DRzSLT1OBh+mN4fxZc+gu+hfYb8X4a9d0oD5NCb60Q=",
        "address":[
            "172.16.0.2/32",
            "2606:4700:110:8e15:9080:66bd:20e8:c4e7/128"
        ],
        "mtu": 1380,
        "reserved": [45, 85, 21],
        "peers": [
            {
                "publicKey": "bmXOC+F1FxEMF9dyiK2H5/1SUtzH0JuVo51h2wPfgyo=",
                "endpoint": "engage.cloudflareclient.com:2408",
                "keepAlive": 25
            }
        ]
    }
  },
  {
    "protocol": "blackhole",
    "tag": "block"
  }
]
